freq,purchase,unit,geo\TIME_PERIOD	2015 	2016 	2017 	2018 	2019 	2020 	2021 	2022 	2023 	2024 
A,DW_EXST,I10_A_AVG,AT	128.63 	136.27 	144.48 	153.57 	162.82 	175.30 	198.25 	221.28 	212.27 	208.89 
A,DW_EXST,I10_A_AVG,BE	108.42 	110.71 	114.46 	117.96 	122.63 	127.83 	136.53 	144.12 	147.53 	151.32 
A,DW_EXST,I10_A_AVG,BG	92.29 b	99.07 	108.70 	116.35 	121.93 	129.22 	141.15 	163.17 b	180.44 	208.82 
A,DW_EXST,I10_A_AVG,CY	91.93 b	91.65 	91.62 	90.26 	91.70 	94.14 	95.32 	100.16 	107.65 	115.22 
A,DW_EXST,I10_A_AVG,CZ	105.40 	113.10 	126.00 	136.30 	148.90 	161.20 	193.50 	225.50 	221.70 	232.80 
A,DW_EXST,I10_A_AVG,DE	119.20 	128.30 	136.50 	145.60 	154.70 	167.10 	187.60 	199.00 	180.30 	176.70 
A,DW_EXST,I10_A_AVG,DK	109.38 b	114.40 	120.10 	125.42 	128.22 	133.79 	149.35 	156.32 	150.27 	155.57 
A,DW_EXST,I10_A_AVG,EA	99.20 	103.25 	107.96 	113.21 	118.16 	124.39 	134.68 	144.27 	141.21 	143.32 
A,DW_EXST,I10_A_AVG,EA19	99.35 	103.40 	108.12 	113.38 	118.33 	124.58 	134.88 	144.49 	141.33 	143.32 
A,DW_EXST,I10_A_AVG,EA20	99.29 	103.33 	108.05 	113.32 	118.31 	124.59 	134.88 	144.57 	141.58 	143.70 
A,DW_EXST,I10_A_AVG,EA21	99.21 	103.27 	108.02 	113.30 	118.30 	124.58 	134.89 	144.66 	141.83 	144.13 
A,DW_EXST,I10_A_AVG,EE	148.70 	155.18 	164.39 	171.05 	182.55 	188.88 	221.25 	277.52 	282.03 	300.66 
A,DW_EXST,I10_A_AVG,ES	71.09 	74.15 	78.78 	84.12 	88.15 	89.42 	92.64 	99.37 	102.61 	110.90 
A,DW_EXST,I10_A_AVG,EU	102.38 	107.37 	112.68 	118.04 	123.14 	130.02 	141.49 	152.32 	149.97 	153.70 
A,DW_EXST,I10_A_AVG,EU27_2020	100.00 	104.49 	109.74 	115.27 	120.90 	127.80 	139.07 	149.73 	147.42 	151.09 
A,DW_EXST,I10_A_AVG,EU28	102.37 	107.35 	112.66 	118.02 	123.12 	: 	: 	: 	: 	: 
A,DW_EXST,I10_A_AVG,FI	103.16 b	104.30 	104.97 	105.69 	105.83 	107.27 	111.94 	112.22 	103.83 	100.41 
A,DW_EXST,I10_A_AVG,FR	99.42 	100.34 	103.37 	106.48 	109.95 	116.08 	123.73 	131.64 	130.76 	125.44 
A,DW_EXST,I10_A_AVG,HR	89.95 	91.58 	95.75 	102.04 	111.29 	120.79 	129.47 	148.24 	166.61 	184.73 
A,DW_EXST,I10_A_AVG,HU	106.38 	120.78 	135.13 	154.57 	181.48 	188.60 	218.88 	268.04 	283.91 	321.83 p
A,DW_EXST,I10_A_AVG,IE	95.63 	102.76 	114.96 	126.61 	128.89 	128.52 	141.20 	160.25 	162.14 	176.75 
A,DW_EXST,I10_A_AVG,IT	78.90 	79.00 	78.10 	77.30 	77.00 	78.40 	80.20 	82.90 	83.30 	85.00 
A,DW_EXST,I10_A_AVG,LT	117.33 	124.92 	135.61 	145.23 	155.46 	167.46 	196.14 	232.01 	247.88 	271.57 
A,DW_EXST,I10_A_AVG,LU	123.01 	130.65 	138.08 	148.82 	164.98 	189.21 	217.49 	236.72 	210.47 	197.73 
A,DW_EXST,I10_A_AVG,LV	118.22 	128.27 	139.69 	153.96 	167.66 	171.89 	195.99 	223.78 	225.50 	230.97 
A,DW_EXST,I10_A_AVG,MT	116.42 	124.32 	131.07 	136.89 	143.80 	153.19 	156.52 	165.74 	176.99 	189.67 p
A,DW_EXST,I10_A_AVG,NL	88.68 	93.56 	101.15 	110.47 	118.25 	127.57 	146.77 	166.29 	161.55 	175.67 
A,DW_EXST,I10_A_AVG,NO	132.22 	143.14 	151.20 	152.90 	157.05 	164.18 	180.75 	190.36 	190.44 	196.27 
A,DW_EXST,I10_A_AVG,PL	92.82 	95.18 	99.43 	106.89 	118.03 	134.29 	146.74 	164.02 	175.97 	199.58 
A,DW_EXST,I10_A_AVG,PT	91.28 	99.20 	109.52 	121.59 	134.04 	146.22 	160.32 	182.59 	198.49 	217.83 
A,DW_EXST,I10_A_AVG,RO	81.73 	86.63 	92.95 	98.46 	102.18 	107.23 	112.60 	118.38 	119.06 	123.09 
A,DW_EXST,I10_A_AVG,SE	139.06 	150.93 	161.00 	156.26 	159.34 	168.48 	189.16 	192.69 	179.74 	182.21 
A,DW_EXST,I10_A_AVG,SI	84.27 	87.44 	94.29 	102.66 	110.86 	116.16 	129.56 	149.59 	160.48 	172.38 
A,DW_EXST,I10_A_AVG,SK	106.45 	113.85 	120.05 	129.82 	144.07 	159.29 	171.18 	191.91 	192.68 	200.62 
A,DW_EXST,I10_A_AVG,TR	175.00 	197.17 	218.90 	236.58 	246.36 	304.25 	412.75 	1046.23 	2066.46 	2915.86 
A,DW_EXST,I10_A_AVG,UK	115.88 	123.77 	129.36 	133.40 	134.75 	: 	: 	: 	: 	: 
A,DW_EXST,I15_A_AVG,AT	100.00 	105.95 	112.33 	119.40 	126.58 	136.29 	154.13 	172.03 	165.02 	162.40 
A,DW_EXST,I15_A_AVG,BE	100.00 	102.12 	105.58 	108.80 	113.11 	117.91 	125.93 	132.93 	136.08 	139.57 
A,DW_EXST,I15_A_AVG,BG	100.00 b	107.34 	117.77 	126.07 	132.11 	140.01 	152.94 	176.79 b	195.51 	226.26 
A,DW_EXST,I15_A_AVG,CY	100.00 b	99.69 	99.66 	98.19 	99.75 	102.40 	103.68 	108.95 	117.10 	125.33 
A,DW_EXST,I15_A_AVG,CZ	100.00 	107.30 	119.60 	129.30 	141.30 	153.00 	183.60 	214.00 	210.40 	220.90 
A,DW_EXST,I15_A_AVG,DE	100.00 	107.60 	114.50 	122.20 	129.80 	140.20 	157.50 	167.00 	151.30 	148.20 
A,DW_EXST,I15_A_AVG,DK	100.00 b	104.59 	109.81 	114.67 	117.23 	122.33 	136.55 	142.92 	137.39 	142.24 
A,DW_EXST,I15_A_AVG,EA	100.00 	104.08 	108.83 	114.12 	119.11 	125.40 	135.77 	145.44 	142.35 	144.48 
A,DW_EXST,I15_A_AVG,EA19	100.00 	104.08 	108.83 	114.12 	119.11 	125.40 	135.77 	145.44 	142.26 	144.27 
A,DW_EXST,I15_A_AVG,EA20	100.00 	104.07 	108.82 	114.12 	119.16 	125.48 	135.84 	145.60 	142.59 	144.72 
A,DW_EXST,I15_A_AVG,EA21	100.00 	104.09 	108.88 	114.21 	119.25 	125.58 	135.96 	145.82 	142.96 	145.27 
A,DW_EXST,I15_A_AVG,EE	100.00 	104.35 	110.55 	115.03 	122.76 	127.02 	148.79 	186.63 	189.66 	202.19 
A,DW_EXST,I15_A_AVG,ES	100.00 	104.32 	110.82 	118.34 	124.00 	125.79 	130.32 	139.80 	144.35 	156.01 
A,DW_EXST,I15_A_AVG,EU	100.00 	104.87 	110.06 	115.29 	120.28 	126.99 	138.19 	148.77 	146.48 	150.13 
A,DW_EXST,I15_A_AVG,EU27_2020	100.00 	104.49 	109.75 	115.27 	120.90 	127.80 	139.08 	149.73 	147.42 	151.09 
A,DW_EXST,I15_A_AVG,EU28	100.00 	104.87 	110.06 	115.29 	120.28 	: 	: 	: 	: 	: 
A,DW_EXST,I15_A_AVG,FI	100.00 b	101.10 	101.76 	102.45 	102.59 	103.99 	108.51 	108.78 	100.65 	97.34 
A,DW_EXST,I15_A_AVG,FR	100.00 	100.93 	103.98 	107.10 	110.60 	116.76 	124.46 	132.42 	131.52 	126.17 
A,DW_EXST,I15_A_AVG,HR	100.00 	101.81 	106.45 	113.44 	123.73 	134.29 	143.93 	164.80 	185.23 	205.37 
A,DW_EXST,I15_A_AVG,HU	100.00 	113.54 	127.02 	145.30 	170.60 	177.29 	205.76 	251.97 	266.89 	302.53 p
A,DW_EXST,I15_A_AVG,IE	100.00 	107.45 	120.22 	132.40 	134.78 	134.40 	147.66 	167.58 	169.55 	184.83 
A,DW_EXST,I15_A_AVG,IS	: 	109.77 d	131.20 d	142.01 d	148.29 d	157.79 d	177.57 d	214.84 d	231.57 d	250.22 d
A,DW_EXST,I15_A_AVG,IT	100.00 	100.10 	98.90 	98.00 	97.60 	99.40 	101.60 	105.10 	105.50 	107.80 
A,DW_EXST,I15_A_AVG,LT	100.00 	106.47 	115.58 	123.78 	132.50 	142.72 	167.17 	197.74 	211.26 	231.46 
A,DW_EXST,I15_A_AVG,LU	100.00 	106.21 	112.26 	120.98 	134.12 	153.82 	176.81 	192.44 	171.11 	160.75 
A,DW_EXST,I15_A_AVG,LV	100.00 	108.51 	118.17 	130.24 	141.83 	145.40 	165.80 	189.30 	190.76 	195.38 
A,DW_EXST,I15_A_AVG,MT	100.00 	106.78 	112.58 	117.58 	123.51 	131.58 	134.44 	142.36 	152.02 	162.92 p
A,DW_EXST,I15_A_AVG,NL	100.00 	105.51 	114.06 	124.57 	133.34 	143.85 	165.50 	187.52 	182.18 	198.10 
A,DW_EXST,I15_A_AVG,NO	100.00 	108.25 	114.35 	115.64 	118.77 	124.17 	136.71 	143.97 	144.03 	148.44 
A,DW_EXST,I15_A_AVG,PL	100.00 	102.55 	107.13 	115.17 	127.16 	144.68 	158.10 	176.72 	189.59 	215.02 
A,DW_EXST,I15_A_AVG,PT	100.00 	108.68 	119.98 	133.20 	146.85 	160.18 	175.63 	200.03 	217.44 	238.63 
A,DW_EXST,I15_A_AVG,RO	100.00 	106.00 	113.73 	120.48 	125.03 	131.20 	137.78 	144.85 	145.68 	150.61 
A,DW_EXST,I15_A_AVG,SE	100.00 	108.54 	115.78 	112.37 	114.59 	121.16 	136.03 	138.57 	129.26 	131.03 
A,DW_EXST,I15_A_AVG,SI	100.00 	103.77 	111.89 	121.83 	131.56 	137.85 	153.75 	177.53 	190.45 	204.57 
A,DW_EXST,I15_A_AVG,SK	100.00 	106.96 	112.77 	121.96 	135.34 	149.64 	160.81 	180.29 	181.01 	188.46 
A,DW_EXST,I15_A_AVG,TR	100.00 	112.68 	125.09 	135.19 	140.78 	173.86 	235.87 	597.87 	1180.88 	1666.27 
A,DW_EXST,I15_A_AVG,UK	100.00 	106.81 	111.63 	115.12 	116.28 	: 	: 	: 	: 	: 
A,DW_EXST,RCH_A_AVG,AT	5.8 	5.9 	6.0 	6.3 	6.0 	7.7 	13.1 	11.6 	-4.1 	-1.6 
A,DW_EXST,RCH_A_AVG,BE	1.2 	2.1 	3.4 	3.1 	4.0 	4.2 	6.8 	5.6 	2.4 	2.6 
A,DW_EXST,RCH_A_AVG,BG	2.3 b	7.3 	9.7 	7.0 	4.8 	6.0 	9.2 	15.6 b	10.6 	15.7 
A,DW_EXST,RCH_A_AVG,CY	-1.6 b	-0.3 	0.0 	-1.5 	1.6 	2.7 	1.3 	5.1 	7.5 	7.0 
A,DW_EXST,RCH_A_AVG,CZ	4.0 	7.3 	11.4 	8.1 	9.3 	8.3 	20.0 	16.5 	-1.7 	5.0 
A,DW_EXST,RCH_A_AVG,DE	4.6 	7.6 	6.4 	6.7 	6.2 	8.0 	12.3 	6.0 	-9.4 	-2.0 
A,DW_EXST,RCH_A_AVG,DK	6.9 b	4.6 	5.0 	4.4 	2.2 	4.3 	11.6 	4.7 	-3.9 	3.5 
A,DW_EXST,RCH_A_AVG,EA	1.5 	4.1 	4.6 	4.9 	4.4 	5.3 	8.3 	7.1 	-2.1 	1.5 
A,DW_EXST,RCH_A_AVG,EA19	1.5 	4.1 	4.6 	4.9 	4.4 	5.3 	8.3 	7.1 	-2.2 	1.4 
A,DW_EXST,RCH_A_AVG,EA20	1.5 	4.1 	4.6 	4.9 	4.4 	5.3 	8.3 	7.2 	-2.1 	1.5 
A,DW_EXST,RCH_A_AVG,EA21	1.5 	4.1 	4.6 	4.9 	4.4 	5.3 	8.3 	7.2 	-2.0 	1.6 
A,DW_EXST,RCH_A_AVG,EE	4.9 	4.3 	5.9 	4.0 	6.7 	3.5 	17.1 	25.4 	1.6 	6.6 
A,DW_EXST,RCH_A_AVG,ES	3.4 	4.3 	6.2 	6.8 	4.8 	1.4 	3.6 	7.3 	3.3 	8.1 
A,DW_EXST,RCH_A_AVG,EU	2.9 	4.9 	4.9 	4.8 	4.3 	5.6 	8.8 	7.7 	-1.5 	2.5 
A,DW_EXST,RCH_A_AVG,EU27_2020	2.3 	4.5 	5.0 	5.0 	4.9 	5.7 	8.8 	7.7 	-1.5 	2.5 
A,DW_EXST,RCH_A_AVG,EU28	2.9 	4.9 	4.9 	4.8 	4.3 	: 	: 	: 	: 	: 
A,DW_EXST,RCH_A_AVG,FI	-0.5 b	1.1 	0.6 	0.7 	0.1 	1.4 	4.3 	0.3 	-7.5 	-3.3 
A,DW_EXST,RCH_A_AVG,FR	-1.8 	0.9 	3.0 	3.0 	3.3 	5.6 	6.6 	6.4 	-0.7 	-4.1 
A,DW_EXST,RCH_A_AVG,HR	-1.4 	1.8 	4.6 	6.6 	9.1 	8.5 	7.2 	14.5 	12.4 	10.9 
A,DW_EXST,RCH_A_AVG,HU	13.3 	13.5 	11.9 	14.4 	17.4 	3.9 	16.1 	22.5 	5.9 	13.4 p
A,DW_EXST,RCH_A_AVG,IE	10.9 	7.4 	11.9 	10.1 	1.8 	-0.3 	9.9 	13.5 	1.2 	9.0 
A,DW_EXST,RCH_A_AVG,IS	: 	: 	19.5 d	8.2 d	4.4 d	6.4 d	12.5 d	21.0 d	7.8 d	8.1 d
A,DW_EXST,RCH_A_AVG,IT	-4.5 	0.1 	-1.2 	-1.0 	-0.4 	1.9 	2.2 	3.4 	0.4 	2.2 
A,DW_EXST,RCH_A_AVG,LT	3.4 	6.5 	8.6 	7.1 	7.0 	7.7 	17.1 	18.3 	6.8 	9.6 
A,DW_EXST,RCH_A_AVG,LU	3.9 	6.2 	5.7 	7.8 	10.9 	14.7 	14.9 	8.8 	-11.1 	-6.1 
A,DW_EXST,RCH_A_AVG,LV	-2.1 	8.5 	8.9 	10.2 	8.9 	2.5 	14.0 	14.2 	0.8 	2.4 
A,DW_EXST,RCH_A_AVG,MT	5.0 	6.8 	5.4 	4.4 	5.0 	6.5 	2.2 	5.9 	6.8 	7.2 p
A,DW_EXST,RCH_A_AVG,NL	3.0 	5.5 	8.1 	9.2 	7.0 	7.9 	15.0 	13.3 	-2.8 	8.7 
A,DW_EXST,RCH_A_AVG,NO	7.1 	8.2 	5.6 	1.1 	2.7 	4.5 	10.1 	5.3 	0.0 	3.1 
A,DW_EXST,RCH_A_AVG,PL	0.7 	2.5 	4.5 	7.5 	10.4 	13.8 	9.3 	11.8 	7.3 	13.4 
A,DW_EXST,RCH_A_AVG,PT	4.0 	8.7 	10.4 	11.0 	10.2 	9.1 	9.6 	13.9 	8.7 	9.7 
A,DW_EXST,RCH_A_AVG,RO	3.4 	6.0 	7.3 	5.9 	3.8 	4.9 	5.0 	5.1 	0.6 	3.4 
A,DW_EXST,RCH_A_AVG,SE	14.9 	8.5 	6.7 	-2.9 	2.0 	5.7 	12.3 	1.9 	-6.7 	1.4 
A,DW_EXST,RCH_A_AVG,SI	0.6 	3.8 	7.8 	8.9 	8.0 	4.8 	11.5 	15.5 	7.3 	7.4 
A,DW_EXST,RCH_A_AVG,SK	6.4 	7.0 	5.4 	8.1 	11.0 	10.6 	7.5 	12.1 	0.4 	4.1 
A,DW_EXST,RCH_A_AVG,TR	16.0 	12.7 	11.0 	8.1 	4.1 	23.5 	35.7 	153.5 	97.5 	41.1 
A,DW_EXST,RCH_A_AVG,UK	6.0 	6.8 	4.5 	3.1 	1.0 	: 	: 	: 	: 	: 
A,DW_NEW,I10_A_AVG,AT	131.30 	141.62 	145.05 	152.29 	161.37 	173.43 	187.92 	209.54 	208.94 	214.25 
A,DW_NEW,I10_A_AVG,BE	112.37 	116.29 	121.26 	125.12 	128.98 	134.71 	143.17 	150.73 	153.86 	163.00 
A,DW_NEW,I10_A_AVG,BG	102.18 	108.73 	116.02 	122.66 	133.03 	135.91 	146.39 	162.27 b	176.29 	207.65 
A,DW_NEW,I10_A_AVG,CY	87.68 b	88.01 	98.78 	97.78 	111.11 	117.78 	114.32 	122.73 	135.36 	145.54 
A,DW_NEW,I10_A_AVG,CZ	102.90 	108.90 	124.10 	138.80 	149.70 	163.30 	193.40 	228.70 	225.50 	237.00 
A,DW_NEW,I10_A_AVG,DE	119.60 	127.90 	133.70 	142.30 	147.00 	156.00 	167.50 	177.90 	173.40 	174.30 
A,DW_NEW,I10_A_AVG,DK	247.02 b	245.46 	247.03 	251.44 	253.25 	255.12 	265.51 	292.92 	305.73 	312.71 
A,DW_NEW,I10_A_AVG,EA	98.40 	102.12 	105.81 	110.71 	115.56 	121.52 	129.08 	139.42 	144.07 	150.44 
A,DW_NEW,I10_A_AVG,EA19	98.66 	102.38 	106.08 	111.00 	115.85 	121.83 	129.41 	139.78 	144.41 	150.76 
A,DW_NEW,I10_A_AVG,EA20	98.56 	102.23 	105.90 	110.80 	115.67 	121.61 	129.19 	139.61 	144.29 	150.66 
A,DW_NEW,I10_A_AVG,EA21	98.65 	102.36 	106.10 	111.03 	116.00 	121.89 	129.52 	140.06 	144.93 	151.78 
A,DW_NEW,I10_A_AVG,EE	177.33 	186.78 	196.44 	213.58 	229.15 	251.05 	282.93 	333.12 	372.57 	389.32 
A,DW_NEW,I10_A_AVG,ES	80.52 	85.71 	90.93 	96.66 	103.94 	110.68 	115.70 	124.72 	134.74 	149.31 
A,DW_NEW,I10_A_AVG,EU	99.97 	103.80 	107.77 	113.12 	118.19 	123.95 	132.32 	144.77 	151.96 	162.29 
A,DW_NEW,I10_A_AVG,EU27_2020	98.83 	102.30 	106.13 	111.45 	116.80 	122.80 	131.10 	143.43 	150.56 	160.79 
A,DW_NEW,I10_A_AVG,EU28	99.97 	103.80 	107.77 	113.13 	118.19 	: 	: 	: 	: 	: 
A,DW_NEW,I10_A_AVG,FI	114.00 b	116.72 	121.07 	123.80 	126.00 	130.60 	137.90 	143.95 	143.07 	139.76 
A,DW_NEW,I10_A_AVG,FR	105.77 	107.58 	111.83 	114.64 	118.78 	122.38 	128.02 	135.45 	137.37 	136.48 
A,DW_NEW,I10_A_AVG,HR	90.02 	86.96 	86.89 	89.98 	97.48 	98.69 	107.45 	126.25 	137.59 	146.83 
A,DW_NEW,I10_A_AVG,HU	110.58 	121.75 	144.58 	164.39 	182.15 	204.63 	244.52 	297.07 	342.25 	393.14 p
A,DW_NEW,I10_A_AVG,IE	85.41 	91.93 	96.95 	106.55 	110.86 	113.21 	116.97 	126.74 	139.92 	149.50 
A,DW_NEW,I10_A_AVG,IT	99.30 	100.00 	99.30 	100.40 	101.60 	103.70 	107.70 	114.20 	120.60 	130.10 
A,DW_NEW,I10_A_AVG,LT	129.59 	132.43 	145.53 	156.83 	166.95 	177.51 	203.39 	245.57 	283.55 	311.71 
A,DW_NEW,I10_A_AVG,LU	126.76 	133.87 	141.19 	149.14 	161.86 	185.29 	207.30 	230.68 	222.67 	214.31 
A,DW_NEW,I10_A_AVG,LV	161.41 	173.52 	188.07 	199.61 	217.12 	233.78 	236.96 	267.63 	308.48 	338.07 
A,DW_NEW,I10_A_AVG,MT	106.85 	112.17 	118.05 	125.40 	133.53 	136.77 	144.99 	154.94 	164.21 	175.01 p
A,DW_NEW,I10_A_AVG,NL	94.80 	98.61 	106.43 	117.03 	126.79 	137.93 	153.17 	172.93 	179.36 	184.97 
A,DW_NEW,I10_A_AVG,NO	131.54 	140.85 	148.27 	151.53 	161.06 	169.91 	181.97 	194.61 	203.58 	212.45 
A,DW_NEW,I10_A_AVG,PL	98.73 	99.80 	102.99 	108.63 	115.89 	123.10 	134.30 	150.16 	165.88 	193.18 
A,DW_NEW,I10_A_AVG,PT	95.07 	98.24 	103.74 	111.52 	121.30 	130.43 	141.80 	154.07 	164.26 	176.54 
A,DW_NEW,I10_A_AVG,RO	91.04 	95.95 	96.21 	100.06 	101.89 	105.93 	107.65 	119.85 	130.29 	140.86 
A,DW_NEW,I10_A_AVG,SE	112.53 	119.50 	126.91 	139.21 	145.77 	143.54 	144.96 	166.08 	171.23 	160.07 
A,DW_NEW,I10_A_AVG,SI	86.86 	87.15 	96.36 	104.31 	104.41 	108.50 	122.04 	131.21 	139.82 	155.62 
A,DW_NEW,I10_A_AVG,SK	95.85 	101.49 	108.24 	114.73 	121.55 	131.09 	137.51 	159.82 	155.91 	159.39 
A,DW_NEW,I10_A_AVG,TR	170.90 	191.04 	211.49 	230.48 	245.83 	310.14 	439.90 	1103.93 	2220.97 	3149.41 
A,DW_NEW,I10_A_AVG,UK	118.15 	129.19 	135.79 	141.55 	142.69 	: 	: 	: 	: 	: 
A,DW_NEW,I15_A_AVG,AT	100.00 	107.85 	110.47 	115.98 	122.90 	132.08 	143.12 	159.58 	159.13 	163.17 
A,DW_NEW,I15_A_AVG,BE	100.00 	103.49 	107.91 	111.35 	114.79 	119.88 	127.41 	134.14 	136.92 	145.06 
A,DW_NEW,I15_A_AVG,BG	100.00 	106.41 	113.54 	120.04 	130.19 	133.00 	143.27 	158.81 b	172.52 	203.22 
A,DW_NEW,I15_A_AVG,CY	100.00 b	100.38 	112.66 	111.52 	126.72 	134.34 	130.39 	139.98 	154.38 	166.00 
A,DW_NEW,I15_A_AVG,CZ	100.00 	105.90 	120.60 	134.90 	145.50 	158.70 	188.00 	222.30 	219.20 	230.40 
A,DW_NEW,I15_A_AVG,DE	100.00 	106.90 	111.80 	118.90 	122.90 	130.40 	140.00 	148.70 	145.00 	145.70 
A,DW_NEW,I15_A_AVG,DK	100.00 b	99.37 	100.00 	101.79 	102.52 	103.28 	107.49 	118.59 	123.77 	126.59 
A,DW_NEW,I15_A_AVG,EA	100.00 	103.77 	107.53 	112.50 	117.43 	123.49 	131.17 	141.68 	146.41 	152.87 
A,DW_NEW,I15_A_AVG,EA19	100.00 	103.77 	107.53 	112.50 	117.43 	123.49 	131.17 	141.68 	146.38 	152.82 
A,DW_NEW,I15_A_AVG,EA20	100.00 	103.72 	107.44 	112.42 	117.36 	123.39 	131.08 	141.65 	146.40 	152.86 
A,DW_NEW,I15_A_AVG,EA21	100.00 	103.77 	107.56 	112.56 	117.59 	123.57 	131.30 	141.98 	146.92 	153.87 
A,DW_NEW,I15_A_AVG,EE	100.00 	105.33 	110.78 	120.45 	129.22 	141.57 	159.55 	187.85 	210.10 	219.55 
A,DW_NEW,I15_A_AVG,ES	100.00 	106.45 	112.93 	120.05 	129.10 	137.47 	143.71 	154.90 	167.35 	185.44 
A,DW_NEW,I15_A_AVG,EU	100.00 	103.83 	107.80 	113.16 	118.23 	123.99 	132.37 	144.82 	152.02 	162.35 
A,DW_NEW,I15_A_AVG,EU27_2020	100.00 	103.51 	107.39 	112.76 	118.19 	124.26 	132.65 	145.13 	152.34 	162.70 
A,DW_NEW,I15_A_AVG,EU28	100.00 	103.83 	107.80 	113.16 	118.23 	: 	: 	: 	: 	: 
A,DW_NEW,I15_A_AVG,FI	100.00 b	102.38 	106.20 	108.59 	110.52 	114.56 	120.96 	126.27 	125.50 	122.59 
A,DW_NEW,I15_A_AVG,FR	100.00 	101.72 	105.73 	108.39 	112.30 	115.70 	121.03 	128.06 	129.87 	129.04 
A,DW_NEW,I15_A_AVG,HR	100.00 	96.60 	96.52 	99.95 	108.28 	109.63 	119.36 	140.24 	152.84 	163.10 
A,DW_NEW,I15_A_AVG,HU	100.00 	110.11 	130.76 	148.67 	164.73 	185.06 	221.13 	268.66 	309.51 	355.53 p
A,DW_NEW,I15_A_AVG,IE	100.00 	107.63 	113.51 	124.75 	129.80 	132.55 	136.95 	148.38 	163.82 	175.04 
A,DW_NEW,I15_A_AVG,IT	100.00 	100.70 	100.00 	101.10 	102.30 	104.50 	108.50 	115.10 	121.50 	131.10 
A,DW_NEW,I15_A_AVG,LT	100.00 	102.19 	112.31 	121.02 	128.83 	136.98 	156.95 	189.50 	218.81 	240.54 
A,DW_NEW,I15_A_AVG,LU	100.00 	105.61 	111.38 	117.65 	127.69 	146.17 	163.54 	181.98 	175.66 	169.06 
A,DW_NEW,I15_A_AVG,LV	100.00 	107.50 	116.52 	123.67 	134.51 	144.84 	146.81 	165.81 	191.12 	209.45 
A,DW_NEW,I15_A_AVG,MT	100.00 	104.98 	110.49 	117.37 	124.98 	128.01 	135.70 	145.01 	153.69 	163.80 p
A,DW_NEW,I15_A_AVG,NL	100.00 	104.03 	112.28 	123.46 	133.76 	145.51 	161.57 	182.43 	189.21 	195.13 
A,DW_NEW,I15_A_AVG,NO	100.00 	107.07 	112.72 	115.19 	122.44 	129.17 	138.34 	147.94 	154.77 	161.51 
A,DW_NEW,I15_A_AVG,PL	100.00 	101.08 	104.31 	110.02 	117.38 	124.68 	136.02 	152.09 	168.01 	195.66 
A,DW_NEW,I15_A_AVG,PT	100.00 	103.33 	109.12 	117.30 	127.59 	137.19 	149.15 	162.06 	172.78 	185.70 
A,DW_NEW,I15_A_AVG,RO	100.00 	105.39 	105.68 	109.91 	111.92 	116.36 	118.25 	131.65 	143.12 	154.72 
A,DW_NEW,I15_A_AVG,SE	100.00 	106.20 	112.78 	123.71 	129.54 	127.56 	128.82 	147.59 	152.17 	142.25 
A,DW_NEW,I15_A_AVG,SI	100.00 	100.34 	110.95 	120.10 	120.22 	124.92 	140.51 	151.07 	160.99 	179.17 
A,DW_NEW,I15_A_AVG,SK	100.00 	105.88 	112.92 	119.69 	126.82 	136.77 	143.46 	166.74 	162.67 	166.28 
A,DW_NEW,I15_A_AVG,TR	100.00 	111.78 	123.75 	134.86 	143.84 	181.47 	257.40 	645.94 	1299.55 	1842.80 
A,DW_NEW,I15_A_AVG,UK	100.00 	109.35 	114.94 	119.81 	120.78 	: 	: 	: 	: 	: 
A,DW_NEW,RCH_A_AVG,AT	5.6 	7.9 	2.4 	5.0 	6.0 	7.5 	8.4 	11.5 	-0.3 	2.5 
A,DW_NEW,RCH_A_AVG,BE	4.5 	3.5 	4.3 	3.2 	3.1 	4.4 	6.3 	5.3 	2.1 	5.9 
A,DW_NEW,RCH_A_AVG,BG	3.5 	6.4 	6.7 	5.7 	8.5 	2.2 	7.7 	10.8 b	8.6 	17.8 
A,DW_NEW,RCH_A_AVG,CY	-1.4 b	0.4 	12.2 	-1.0 	13.6 	6.0 	-2.9 	7.4 	10.3 	7.5 
A,DW_NEW,RCH_A_AVG,CZ	4.8 	5.9 	13.9 	11.8 	7.9 	9.1 	18.4 	18.3 	-1.4 	5.1 
A,DW_NEW,RCH_A_AVG,DE	5.5 	6.9 	4.6 	6.4 	3.3 	6.2 	7.4 	6.2 	-2.5 	0.5 
A,DW_NEW,RCH_A_AVG,DK	11.7 b	-0.6 	0.6 	1.8 	0.7 	0.7 	4.1 	10.3 	4.4 	2.3 
A,DW_NEW,RCH_A_AVG,EA	2.5 	3.8 	3.6 	4.6 	4.4 	5.2 	6.2 	8.0 	3.3 	4.4 
A,DW_NEW,RCH_A_AVG,EA19	2.5 	3.8 	3.6 	4.6 	4.4 	5.2 	6.2 	8.0 	3.3 	4.4 
A,DW_NEW,RCH_A_AVG,EA20	2.4 	3.7 	3.6 	4.6 	4.4 	5.1 	6.2 	8.1 	3.3 	4.4 
A,DW_NEW,RCH_A_AVG,EA21	2.4 	3.8 	3.7 	4.6 	4.5 	5.1 	6.3 	8.1 	3.5 	4.7 
A,DW_NEW,RCH_A_AVG,EE	11.1 	5.3 	5.2 	8.7 	7.3 	9.6 	12.7 	17.7 	11.8 	4.5 
A,DW_NEW,RCH_A_AVG,ES	4.7 	6.4 	6.1 	6.3 	7.5 	6.5 	4.5 	7.8 	8.0 	10.8 
A,DW_NEW,RCH_A_AVG,EU	2.6 	3.8 	3.8 	5.0 	4.5 	4.9 	6.8 	9.4 	5.0 	6.8 
A,DW_NEW,RCH_A_AVG,EU27_2020	2.4 	3.5 	3.7 	5.0 	4.8 	5.1 	6.8 	9.4 	5.0 	6.8 
A,DW_NEW,RCH_A_AVG,EU28	2.6 	3.8 	3.8 	5.0 	4.5 	: 	: 	: 	: 	: 
A,DW_NEW,RCH_A_AVG,FI	1.1 b	2.4 	3.7 	2.2 	1.8 	3.6 	5.6 	4.4 	-0.6 	-2.3 
A,DW_NEW,RCH_A_AVG,FR	1.7 	1.7 	3.9 	2.5 	3.6 	3.0 	4.6 	5.8 	1.4 	-0.6 
A,DW_NEW,RCH_A_AVG,HR	-6.1 	-3.4 	-0.1 	3.6 	8.3 	1.2 	8.9 	17.5 	9.0 	6.7 
A,DW_NEW,RCH_A_AVG,HU	8.6 	10.1 	18.8 	13.7 	10.8 	12.3 	19.5 	21.5 	15.2 	14.9 p
A,DW_NEW,RCH_A_AVG,IE	15.4 	7.6 	5.5 	9.9 	4.0 	2.1 	3.3 	8.3 	10.4 	6.8 
A,DW_NEW,RCH_A_AVG,IT	-2.0 	0.7 	-0.7 	1.1 	1.2 	2.1 	3.8 	6.1 	5.6 	7.9 
A,DW_NEW,RCH_A_AVG,LT	5.2 	2.2 	9.9 	7.8 	6.5 	6.3 	14.6 	20.7 	15.5 	9.9 
A,DW_NEW,RCH_A_AVG,LU	8.2 	5.6 	5.5 	5.6 	8.5 	14.5 	11.9 	11.3 	-3.5 	-3.8 
A,DW_NEW,RCH_A_AVG,LV	-7.7 	7.5 	8.4 	6.1 	8.8 	7.7 	1.4 	12.9 	15.3 	9.6 
A,DW_NEW,RCH_A_AVG,MT	6.1 	5.0 	5.2 	6.2 	6.5 	2.4 	6.0 	6.9 	6.0 	6.6 p
A,DW_NEW,RCH_A_AVG,NL	6.5 	4.0 	7.9 	10.0 	8.3 	8.8 	11.0 	12.9 	3.7 	3.1 
A,DW_NEW,RCH_A_AVG,NO	5.8 	7.1 	5.3 	2.2 	6.3 	5.5 	7.1 	6.9 	4.6 	4.4 
A,DW_NEW,RCH_A_AVG,PL	2.6 	1.1 	3.2 	5.5 	6.7 	6.2 	9.1 	11.8 	10.5 	16.5 
A,DW_NEW,RCH_A_AVG,PT	1.7 	3.3 	5.6 	7.5 	8.8 	7.5 	8.7 	8.7 	6.6 	7.5 
A,DW_NEW,RCH_A_AVG,RO	-1.6 	5.4 	0.3 	4.0 	1.8 	4.0 	1.6 	11.3 	8.7 	8.1 
A,DW_NEW,RCH_A_AVG,SE	2.3 	6.2 	6.2 	9.7 	4.7 	-1.5 	1.0 	14.6 	3.1 	-6.5 
A,DW_NEW,RCH_A_AVG,SI	1.8 	0.3 	10.6 	8.3 	0.1 	3.9 	12.5 	7.5 	6.6 	11.3 
A,DW_NEW,RCH_A_AVG,SK	2.9 	5.9 	6.6 	6.0 	6.0 	7.8 	4.9 	16.2 	-2.4 	2.2 
A,DW_NEW,RCH_A_AVG,TR	14.5 	11.8 	10.7 	9.0 	6.7 	26.2 	41.8 	151.0 	101.2 	41.8 
A,DW_NEW,RCH_A_AVG,UK	5.1 	9.4 	5.1 	4.2 	0.8 	: 	: 	: 	: 	: 
A,TOTAL,I10_A_AVG,AT	129.33 	138.00 	145.02 	153.68 	162.91 	175.25 	195.30 	217.90 	211.68 	210.88 
A,TOTAL,I10_A_AVG,BE	109.17 	111.72 	115.67 	119.16 	123.62 	128.92 	137.52 	145.12 	148.52 	153.30 
A,TOTAL,I10_A_AVG,BG	94.52 b	101.15 	109.91 	117.16 	124.21 	129.87 	141.14 	160.60 b	176.43 	205.54 
A,TOTAL,I10_A_AVG,CY	88.58 b	88.42 	92.55 	91.30 	98.94 	104.07 	102.48 	109.14 	119.22 	127.95 
A,TOTAL,I10_A_AVG,CZ	105.10 	112.50 	125.80 	136.50 	149.00 	161.60 	193.50 	226.10 	222.30 	233.50 
A,TOTAL,I10_A_AVG,DE	119.30 	128.20 	136.10 	145.10 	153.50 	165.40 	184.50 	195.70 	179.30 	176.50 
A,TOTAL,I10_A_AVG,DK	110.31 b	115.35 	121.07 	126.40 	129.21 	134.77 	150.33 	157.41 	151.44 	156.76 
A,TOTAL,I10_A_AVG,EA	98.93 	102.92 	107.45 	112.63 	117.56 	123.74 	133.51 	143.22 	141.50 	144.36 
A,TOTAL,I10_A_AVG,EA19	99.10 	103.10 	107.63 	112.82 	117.76 	123.95 	133.74 	143.46 	141.67 	144.42 
A,TOTAL,I10_A_AVG,EA20	99.05 	103.02 	107.55 	112.75 	117.72 	123.92 	133.71 	143.51 	141.86 	144.72 
A,TOTAL,I10_A_AVG,EA21	99.01 	103.00 	107.57 	112.79 	117.78 	123.98 	133.78 	143.68 	142.21 	145.31 
A,TOTAL,I10_A_AVG,EE	156.50 	163.92 	172.95 	183.20 	196.04 	207.81 	239.09 	292.27 	309.43 	328.31 
A,TOTAL,I10_A_AVG,ES	74.32 	77.76 	82.57 	88.13 	92.69 	94.76 	98.25 	105.52 	109.76 	119.10 
A,TOTAL,I10_A_AVG,EU	101.93 	106.71 	111.79 	117.15 	122.25 	128.90 	139.75 	150.91 	150.49 	155.56 
A,TOTAL,I10_A_AVG,EU27_2020	99.75 	104.05 	109.03 	114.52 	120.10 	126.83 	137.49 	148.49 	148.07 	153.06 
A,TOTAL,I10_A_AVG,EU28	101.91 	106.69 	111.77 	117.13 	122.22 	: 	: 	: 	: 	: 
A,TOTAL,I10_A_AVG,FI	106.52 b	107.89 	109.06 	110.07 	110.53 	112.48 	117.65 	118.78 	111.40 	107.95 
A,TOTAL,I10_A_AVG,FR	100.26 	101.31 	104.51 	107.57 	111.14 	116.92 	124.30 	132.16 	131.60 	126.72 
A,TOTAL,I10_A_AVG,HR	90.53 	91.33 	94.82 	100.61 	109.63 	118.03 	126.66 	145.46 	162.83 	179.72 
A,TOTAL,I10_A_AVG,HU	106.77 	121.06 	135.86 	155.35 	181.69 	190.67 	222.12 	271.75 	291.00 	330.84 p
A,TOTAL,I10_A_AVG,IE	94.38 	101.42 	112.44 	123.94 	126.85 	127.24 	137.77 	154.74 	159.48 	173.07 
A,TOTAL,I10_A_AVG,IS	138.85 	152.41 	182.17 	197.18 	205.90 	219.09 	246.54 	298.31 	321.53 	347.43 
A,TOTAL,I10_A_AVG,IT	84.70 	84.90 	84.00 	83.50 	83.40 	85.00 	87.20 	90.50 	91.60 	94.60 
A,TOTAL,I10_A_AVG,LT	118.76 	125.18 	136.33 	146.29 	156.30 	167.66 	194.58 	231.64 	254.37 	279.11 
A,TOTAL,I10_A_AVG,LU	124.78 	132.28 	139.70 	149.56 	164.69 	188.56 	214.81 	235.33 	213.98 	202.77 
A,TOTAL,I10_A_AVG,LV	124.46 	135.03 	146.87 	160.92 	175.33 	181.42 	201.18 	229.01 	237.57 	247.55 
A,TOTAL,I10_A_AVG,MT	109.85 	115.84 	121.96 	129.01 	136.92 	141.55 	148.77 	158.67 	168.53 	179.86 p
A,TOTAL,I10_A_AVG,NL	89.71 	94.45 	102.09 	111.60 	119.65 	129.24 	147.96 	167.61 	164.39 	177.84 
A,TOTAL,I10_A_AVG,NO	131.99 	142.39 	150.13 	152.48 	158.62 	166.45 	181.69 	192.32 	194.85 	201.83 
A,TOTAL,I10_A_AVG,PL	94.69 	96.45 	100.16 	106.75 	116.01 	128.17 	139.92 	156.43 	170.23 	195.72 
A,TOTAL,I10_A_AVG,PT	93.15 	99.77 	109.00 	120.19 	132.16 	143.75 	157.27 	177.14 	191.66 	209.06 
A,TOTAL,I10_A_AVG,RO	83.65 	88.63 	93.99 	99.23 	102.63 	107.44 	112.17 	120.21 	124.17 	130.40 
A,TOTAL,I10_A_AVG,SE	135.20 	146.34 	156.06 	154.60 	158.44 	165.09 	181.79 	188.27 	178.37 	178.49 
A,TOTAL,I10_A_AVG,SI	85.32 	88.10 	95.38 	103.71 	110.65 	115.75 	129.11 	148.16 	158.88 	170.86 
A,TOTAL,I10_A_AVG,SK	103.04 	109.91 	116.34 	125.00 	136.41 	149.43 	158.95 	180.73 	180.40 	187.19 
A,TOTAL,I10_A_AVG,TR	175.08 d	197.46 d	218.81 d	235.94 d	247.29 d	306.11 d	421.03 d	1070.43 d	2129.45 d	3014.02 d
A,TOTAL,I10_A_AVG,UK	116.08 	124.19 	129.85 	134.10 	135.42 	: 	: 	: 	: 	: 
A,TOTAL,I15_A_AVG,AT	100.00 	106.71 	112.14 	118.83 	125.97 	135.52 	151.02 	168.49 	163.68 	163.06 
A,TOTAL,I15_A_AVG,BE	100.00 	102.33 	105.95 	109.15 	113.23 	118.09 	125.96 	132.93 	136.05 	140.42 
A,TOTAL,I15_A_AVG,BG	100.00 b	107.02 	116.30 	123.96 	131.42 	137.41 	149.33 	169.92 b	186.67 	217.47 
A,TOTAL,I15_A_AVG,CY	100.00 b	99.82 	104.48 	103.08 	111.70 	117.49 	115.70 	123.22 	134.60 	144.46 
A,TOTAL,I15_A_AVG,CZ	100.00 	107.20 	119.70 	130.00 	141.90 	153.90 	184.20 	215.30 	211.70 	222.30 
A,TOTAL,I15_A_AVG,DE	100.00 	107.50 	114.10 	121.70 	128.70 	138.70 	154.70 	164.10 	150.30 	148.00 
A,TOTAL,I15_A_AVG,DK	100.00 b	104.57 	109.75 	114.59 	117.13 	122.18 	136.28 	142.70 	137.28 	142.11 
A,TOTAL,I15_A_AVG,EA	100.00 	104.03 	108.61 	113.84 	118.83 	125.07 	134.95 	144.76 	143.04 	145.91 
A,TOTAL,I15_A_AVG,EA19	100.00 	104.03 	108.61 	113.84 	118.83 	125.07 	134.95 	144.76 	142.96 	145.73 
A,TOTAL,I15_A_AVG,EA20	100.00 	104.01 	108.59 	113.83 	118.84 	125.11 	134.99 	144.88 	143.22 	146.11 
A,TOTAL,I15_A_AVG,EA21	100.00 	104.04 	108.66 	113.92 	118.96 	125.23 	135.13 	145.12 	143.64 	146.77 
A,TOTAL,I15_A_AVG,EE	100.00 	104.75 	110.51 	117.07 	125.27 	132.79 	152.78 	186.76 	197.72 	209.79 
A,TOTAL,I15_A_AVG,ES	100.00 	104.62 	111.10 	118.58 	124.71 	127.50 	132.19 	141.98 	147.69 	160.25 
A,TOTAL,I15_A_AVG,EU	100.00 	104.69 	109.67 	114.93 	119.93 	126.45 	137.09 	148.05 	147.64 	152.61 
A,TOTAL,I15_A_AVG,EU27_2020	100.00 	104.31 	109.31 	114.81 	120.40 	127.14 	137.84 	148.86 	148.45 	153.44 
A,TOTAL,I15_A_AVG,EU28	100.00 	104.69 	109.67 	114.93 	119.93 	: 	: 	: 	: 	: 
A,TOTAL,I15_A_AVG,FI	100.00 b	101.29 	102.39 	103.34 	103.77 	105.60 	110.46 	111.52 	104.58 	101.35 
A,TOTAL,I15_A_AVG,FR	100.00 	101.04 	104.24 	107.29 	110.86 	116.62 	123.98 	131.82 	131.26 	126.39 
A,TOTAL,I15_A_AVG,HR	100.00 	100.89 	104.75 	111.14 	121.10 	130.38 	139.91 	160.69 	179.88 	198.54 
A,TOTAL,I15_A_AVG,HU	100.00 	113.38 	127.24 	145.50 	170.17 	178.58 	208.04 	254.52 	272.54 	309.86 p
A,TOTAL,I15_A_AVG,IE	100.00 	107.46 	119.14 	131.33 	134.41 	134.82 	145.98 	163.96 	168.99 	183.38 
A,TOTAL,I15_A_AVG,IS	100.00 	109.77 	131.20 	142.01 	148.29 	157.79 	177.57 	214.84 	231.57 	250.22 
A,TOTAL,I15_A_AVG,IT	100.00 	100.30 	99.20 	98.60 	98.50 	100.40 	103.00 	106.90 	108.30 	111.70 
A,TOTAL,I15_A_AVG,LT	100.00 	105.40 	114.80 	123.18 	131.61 	141.18 	163.84 	195.05 	214.20 	235.02 
A,TOTAL,I15_A_AVG,LU	100.00 	106.01 	111.96 	119.86 	131.99 	151.12 	172.15 	188.60 	171.48 	162.50 
A,TOTAL,I15_A_AVG,LV	100.00 	108.49 	118.01 	129.30 	140.88 	145.77 	161.65 	184.01 	190.89 	198.90 
A,TOTAL,I15_A_AVG,MT	100.00 	105.45 	111.03 	117.45 	124.65 	128.86 	135.44 	144.45 	153.42 	163.74 p
A,TOTAL,I15_A_AVG,NL	100.00 	105.29 	113.81 	124.40 	133.38 	144.07 	164.94 	186.84 	183.26 	198.24 
A,TOTAL,I15_A_AVG,NO	100.00 	107.88 	113.75 	115.53 	120.18 	126.11 	137.66 	145.71 	147.63 	152.91 
A,TOTAL,I15_A_AVG,PL	100.00 	101.86 	105.78 	112.74 	122.52 	135.36 	147.77 	165.21 	179.78 	206.70 
A,TOTAL,I15_A_AVG,PT	100.00 	107.12 	117.02 	129.03 	141.88 	154.33 	168.84 	190.17 	205.76 	224.44 
A,TOTAL,I15_A_AVG,RO	100.00 	105.95 	112.36 	118.62 	122.69 	128.44 	134.09 	143.70 	148.43 	155.89 
A,TOTAL,I15_A_AVG,SE	100.00 	108.24 	115.43 	114.35 	117.19 	122.11 	134.46 	139.25 	131.93 	132.02 
A,TOTAL,I15_A_AVG,SI	100.00 	103.25 	111.79 	121.55 	129.69 	135.66 	151.32 	173.65 	186.22 	200.26 
A,TOTAL,I15_A_AVG,SK	100.00 	106.67 	112.91 	121.32 	132.40 	145.02 	154.27 	175.41 	175.08 	181.67 
A,TOTAL,I15_A_AVG,TR	100.00 d	112.78 d	124.98 d	134.77 d	141.25 d	174.84 d	240.48 d	611.40 d	1216.29 d	1721.53 d
A,TOTAL,I15_A_AVG,UK	100.00 	106.99 	111.86 	115.53 	116.67 	: 	: 	: 	: 	: 
A,TOTAL,RCH_A_AVG,AT	5.6 	6.7 	5.1 	6.0 	6.0 	7.6 	11.4 	11.6 	-2.9 	-0.4 
A,TOTAL,RCH_A_AVG,BE	1.8 	2.3 	3.5 	3.0 	3.7 	4.3 	6.7 	5.5 	2.3 	3.2 
A,TOTAL,RCH_A_AVG,BG	2.8 b	7.0 	8.7 	6.6 	6.0 	4.6 	8.7 	13.8 b	9.9 	16.5 
A,TOTAL,RCH_A_AVG,CH	: 	: 	: 	3.0 	3.7 	2.5 	5.7 	6.4 	2.2 	1.7 
A,TOTAL,RCH_A_AVG,CY	-1.5 b	-0.2 	4.7 	-1.3 	8.4 	5.2 	-1.5 	6.5 	9.2 	7.3 
A,TOTAL,RCH_A_AVG,CZ	4.0 	7.2 	11.7 	8.6 	9.2 	8.4 	19.7 	16.9 	-1.7 	5.0 
A,TOTAL,RCH_A_AVG,DE	4.7 	7.5 	6.1 	6.6 	5.8 	7.8 	11.6 	6.1 	-8.4 	-1.5 
A,TOTAL,RCH_A_AVG,DK	7.0 b	4.6 	5.0 	4.4 	2.2 	4.3 	11.5 	4.7 	-3.8 	3.5 
A,TOTAL,RCH_A_AVG,EA	1.7 	4.0 	4.4 	4.8 	4.4 	5.3 	7.9 	7.3 	-1.2 	2.0 
A,TOTAL,RCH_A_AVG,EA19	1.7 	4.0 	4.4 	4.8 	4.4 	5.3 	7.9 	7.3 	-1.2 	1.9 
A,TOTAL,RCH_A_AVG,EA20	1.6 	4.0 	4.4 	4.8 	4.4 	5.3 	7.9 	7.3 	-1.1 	2.0 
A,TOTAL,RCH_A_AVG,EA21	1.6 	4.0 	4.4 	4.8 	4.4 	5.3 	7.9 	7.4 	-1.0 	2.2 
A,TOTAL,RCH_A_AVG,EE	6.9 	4.7 	5.5 	5.9 	7.0 	6.0 	15.0 	22.2 	5.9 	6.1 
A,TOTAL,RCH_A_AVG,ES	3.6 	4.6 	6.2 	6.7 	5.2 	2.2 	3.7 	7.4 	4.0 	8.5 
A,TOTAL,RCH_A_AVG,EU	2.8 	4.7 	4.8 	4.8 	4.4 	5.4 	8.4 	8.0 	-0.3 	3.4 
A,TOTAL,RCH_A_AVG,EU27_2020	2.3 	4.3 	4.8 	5.0 	4.9 	5.6 	8.4 	8.0 	-0.3 	3.4 
A,TOTAL,RCH_A_AVG,EU28	2.8 	4.7 	4.8 	4.8 	4.4 	: 	: 	: 	: 	: 
A,TOTAL,RCH_A_AVG,FI	0.0 b	1.3 	1.1 	0.9 	0.4 	1.8 	4.6 	1.0 	-6.2 	-3.1 
A,TOTAL,RCH_A_AVG,FR	-1.3 	1.0 	3.2 	2.9 	3.3 	5.2 	6.3 	6.3 	-0.4 	-3.7 
A,TOTAL,RCH_A_AVG,HR	-2.9 	0.9 	3.8 	6.1 	9.0 	7.7 	7.3 	14.8 	11.9 	10.4 
A,TOTAL,RCH_A_AVG,HU	13.1 	13.4 	12.2 	14.3 	17.0 	4.9 	16.5 	22.3 	7.1 	13.7 p
A,TOTAL,RCH_A_AVG,IE	11.5 	7.5 	10.9 	10.2 	2.3 	0.3 	8.3 	12.3 	3.1 	8.5 
A,TOTAL,RCH_A_AVG,IS	8.2 	9.8 	19.5 	8.2 	4.4 	6.4 	12.5 	21.0 	7.8 	8.1 
A,TOTAL,RCH_A_AVG,IT	-3.8 	0.3 	-1.1 	-0.6 	-0.1 	1.9 	2.5 	3.8 	1.3 	3.2 
A,TOTAL,RCH_A_AVG,LT	3.7 	5.4 	8.9 	7.3 	6.8 	7.3 	16.1 	19.0 	9.8 	9.7 
A,TOTAL,RCH_A_AVG,LU	5.4 	6.0 	5.6 	7.1 	10.1 	14.5 	13.9 	9.6 	-9.1 	-5.2 
A,TOTAL,RCH_A_AVG,LV	-3.4 	8.5 	8.8 	9.6 	9.0 	3.5 	10.9 	13.8 	3.7 	4.2 
A,TOTAL,RCH_A_AVG,MT	5.8 	5.4 	5.3 	5.8 	6.1 	3.4 	5.1 	6.7 	6.2 	6.7 p
A,TOTAL,RCH_A_AVG,NL	3.5 	5.3 	8.1 	9.3 	7.2 	8.0 	14.5 	13.3 	-1.9 	8.2 
A,TOTAL,RCH_A_AVG,NO	6.7 	7.9 	5.4 	1.6 	4.0 	4.9 	9.2 	5.9 	1.3 	3.6 
A,TOTAL,RCH_A_AVG,PL	1.5 	1.9 	3.9 	6.6 	8.7 	10.5 	9.2 	11.8 	8.8 	15.0 
A,TOTAL,RCH_A_AVG,PT	3.1 	7.1 	9.2 	10.3 	10.0 	8.8 	9.4 	12.6 	8.2 	9.1 
A,TOTAL,RCH_A_AVG,RO	2.9 	6.0 	6.0 	5.6 	3.4 	4.7 	4.4 	7.2 	3.3 	5.0 
A,TOTAL,RCH_A_AVG,SE	13.1 	8.2 	6.6 	-0.9 	2.5 	4.2 	10.1 	3.6 	-5.3 	0.1 
A,TOTAL,RCH_A_AVG,SI	0.8 	3.3 	8.3 	8.7 	6.7 	4.6 	11.5 	14.8 	7.2 	7.5 
A,TOTAL,RCH_A_AVG,SK	5.3 	6.7 	5.9 	7.4 	9.1 	9.5 	6.4 	13.7 	-0.2 	3.8 
A,TOTAL,RCH_A_AVG,TR	15.8 d	12.8 d	10.8 d	7.8 d	4.8 d	23.8 d	37.5 d	154.2 d	98.9 d	41.5 d
A,TOTAL,RCH_A_AVG,UK	5.9 	7.0 	4.6 	3.3 	1.0 	: 	: 	: 	: 	: 
